subject_id,Set#,hrtf,audio,azi,ele,Location,Trail #,azi_error,azi_error,ele_error,ele_error,Azi,Location 
2,2,est,noise,0,-16.875,C,1,-4.103634528,4.103634528,-58.08684843,58.08684843,-80,A
2,2,est,noise,65,73.125,E,1,3.542621392,3.542621392,-1.142425239,1.142425239,-35,B
2,2,est,noise,65,73.125,E,2,10.11145882,10.11145882,-15.96716457,15.96716457,0,C
2,2,est,noise,0,-16.875,C,2,-0.200243726,0.200243726,-53.87355036,53.87355036,45,D
2,2,est,noise,45,0,D,1,6.614985948,6.614985948,-59.97485997,59.97485997,65,E
2,2,est,noise,65,73.125,E,3,5.168087579,5.168087579,5.338551896,5.338551896,,
2,2,est,noise,65,73.125,E,4,3.474240977,3.474240977,-1.564370194,1.564370194,,
2,2,est,noise,-80,-22.5,A,1,-3.077650797,3.077650797,-110.3010523,110.3010523,,
2,2,est,noise,-80,-22.5,A,2,-14.34926332,14.34926332,-103.6320357,103.6320357,,
2,2,est,noise,-35,39.375,B,1,-6.196893707,6.196893707,-22.41081913,22.41081913,,
2,2,est,noise,45,0,D,2,-0.97475294,0.97475294,-69.25951918,69.25951918,,
2,2,est,noise,45,0,D,3,4.522214401,4.522214401,-74.87244933,74.87244933,,
2,2,est,noise,45,0,D,4,1.745437625,1.745437625,-64.14066151,64.14066151,,
2,2,est,noise,-80,-22.5,A,3,-8.669977425,8.669977425,-98.54172385,98.54172385,,
2,2,est,noise,-35,39.375,B,2,2.274611107,2.274611107,-33.13224841,33.13224841,,
2,2,est,noise,0,-16.875,C,3,-6.065475361,6.065475361,-59.9000833,59.9000833,,
2,2,est,noise,-35,39.375,B,3,-0.571716721,0.571716721,-19.27175585,19.27175585,,
2,2,est,noise,-80,-22.5,A,4,-14.83627774,14.83627774,-82.09257174,82.09257174,,
2,2,est,noise,0,-16.875,C,4,-7.080898805,7.080898805,-52.03612615,52.03612615,,
2,2,est,noise,-35,39.375,B,4,9.413789923,9.413789923,-48.94524458,48.94524458,,
2,2,est,speech,-35,39.375,B,1,0.590487352,0.590487352,-41.89204414,41.89204414,,
2,2,est,speech,65,73.125,E,1,8.593372388,8.593372388,-8.601964129,8.601964129,,
2,2,est,speech,0,-16.875,C,1,-3.532414533,3.532414533,-69.85087773,69.85087773,,
2,2,est,speech,45,0,D,1,0.647657297,0.647657297,-62.32418186,62.32418186,,
2,2,est,speech,-80,-22.5,A,1,-13.34111458,13.34111458,-76.24376009,76.24376009,,
2,2,est,speech,-35,39.375,B,2,-8.880347714,8.880347714,-41.56902893,41.56902893,,
2,2,est,speech,-80,-22.5,A,2,-26.33886247,26.33886247,-103.021248,103.021248,,
2,2,est,speech,45,0,D,2,1.288497091,1.288497091,-43.16026458,43.16026458,,
2,2,est,speech,65,73.125,E,2,3.712536859,3.712536859,23.5455955,23.5455955,,
2,2,est,speech,0,-16.875,C,2,-5.193435042,5.193435042,-45.79931557,45.79931557,,
2,2,est,speech,65,73.125,E,3,-9.559362366,9.559362366,-16.76880059,16.76880059,,
2,2,est,speech,-80,-22.5,A,3,-8.183328267,8.183328267,-110.1025696,110.1025696,,
2,2,est,speech,0,-16.875,C,3,-1.593210485,1.593210485,-46.78167639,46.78167639,,
2,2,est,speech,-35,39.375,B,3,4.399348603,4.399348603,-30.22531944,30.22531944,,
2,2,est,speech,-80,-22.5,A,4,-12.66192386,12.66192386,-108.7622673,108.7622673,,
2,2,est,speech,45,0,D,3,8.158005664,8.158005664,-72.36966238,72.36966238,,
2,2,est,speech,45,0,D,4,4.388888607,4.388888607,-61.96058695,61.96058695,,
2,2,est,speech,65,73.125,E,4,-2.885723476,2.885723476,16.45084058,16.45084058,,
2,2,est,speech,-35,39.375,B,4,8.345844981,8.345844981,-41.43269705,41.43269705,,
2,2,est,speech,0,-16.875,C,4,-2.206408603,2.206408603,-48.85567673,48.85567673,,
2,2,est,music,-35,39.375,B,1,8.249758407,8.249758407,-33.40291196,33.40291196,,
2,2,est,music,0,-16.875,C,1,-6.946897066,6.946897066,-57.20908675,57.20908675,,
2,2,est,music,-80,-22.5,A,1,-14.88938973,14.88938973,-38.72257605,38.72257605,,
2,2,est,music,45,0,D,1,-7.135964061,7.135964061,-77.78249045,77.78249045,,
2,2,est,music,-35,39.375,B,2,-0.70850015,0.70850015,-39.50778662,39.50778662,,
2,2,est,music,65,73.125,E,1,9.558336138,9.558336138,-3.492050099,3.492050099,,
2,2,est,music,0,-16.875,C,2,4.916632882,4.916632882,-58.77282294,58.77282294,,
2,2,est,music,0,-16.875,C,3,-3.382489639,3.382489639,-57.10695083,57.10695083,,
2,2,est,music,45,0,D,2,-1.679142065,1.679142065,-72.15154584,72.15154584,,
2,2,est,music,65,73.125,E,2,31.22143258,31.22143258,43.88793084,43.88793084,,
2,2,est,music,65,73.125,E,3,25.11116351,25.11116351,10.03206677,10.03206677,,
2,2,est,music,-80,-22.5,A,2,2.844014887,2.844014887,-110.9332925,110.9332925,,
2,2,est,music,-35,39.375,B,3,11.78740869,11.78740869,-44.44309664,44.44309664,,
2,2,est,music,45,0,D,3,-4.429257969,4.429257969,-65.06455073,65.06455073,,
2,2,est,music,65,73.125,E,4,8.443599032,8.443599032,7.875885416,7.875885416,,
2,2,est,music,-80,-22.5,A,3,-5.71935706,5.71935706,-62.48289484,62.48289484,,
2,2,est,music,45,0,D,4,-5.63643527,5.63643527,-54.99310901,54.99310901,,
2,2,est,music,-80,-22.5,A,4,-3.411954363,3.411954363,-84.87214369,84.87214369,,
2,2,est,music,-35,39.375,B,4,3.445869782,3.445869782,-30.80966408,30.80966408,,
2,2,est,music,0,-16.875,C,4,-1.356642214,1.356642214,-63.40593122,63.40593122,,
2,1,generic,noise,0,-16.875,C,1,-5.739787484,5.739787484,-68.70576761,68.70576761,,
2,1,generic,noise,-80,-22.5,A,1,-78.64671118,78.64671118,-33.81471017,33.81471017,,
2,1,generic,noise,-80,-22.5,A,2,-29.33431061,29.33431061,-50.47972972,50.47972972,,
2,1,generic,noise,65,73.125,E,1,11.55265008,11.55265008,3.947306721,3.947306721,,
2,1,generic,noise,-80,-22.5,A,3,-15.0109425,15.0109425,-94.89925957,94.89925957,,
2,1,generic,noise,0,-16.875,C,2,-2.377954215,2.377954215,-47.84941689,47.84941689,,
2,1,generic,noise,45,0,D,1,-1.927733502,1.927733502,-88.73923035,88.73923035,,
2,1,generic,noise,-35,39.375,B,1,-3.475774978,3.475774978,-23.29683172,23.29683172,,
2,1,generic,noise,45,0,D,2,-9.17371964,9.17371964,-75.12074896,75.12074896,,
2,1,generic,noise,-35,39.375,B,2,5.350442057,5.350442057,-32.53972804,32.53972804,,
2,1,generic,noise,65,73.125,E,2,-7.103448565,7.103448565,5.965020446,5.965020446,,
2,1,generic,noise,65,73.125,E,3,-2.663048071,2.663048071,4.534997556,4.534997556,,
2,1,generic,noise,45,0,D,3,-8.599838065,8.599838065,-50.90967582,50.90967582,,
2,1,generic,noise,0,-16.875,C,3,-2.747356944,2.747356944,-39.469567,39.469567,,
2,1,generic,noise,-35,39.375,B,3,1.187269332,1.187269332,-35.05574181,35.05574181,,
2,1,generic,noise,45,0,D,4,-18.44657688,18.44657688,-87.95657846,87.95657846,,
2,1,generic,noise,-35,39.375,B,4,15.49795177,15.49795177,-29.09356077,29.09356077,,
2,1,generic,noise,0,-16.875,C,4,-10.23047602,10.23047602,-47.82121294,47.82121294,,
2,1,generic,noise,-80,-22.5,A,4,-19.04566454,19.04566454,-76.61846672,76.61846672,,
2,1,generic,noise,65,73.125,E,4,13.39626473,13.39626473,14.07839978,14.07839978,,
2,1,generic,music,65,73.125,E,1,-10.23737733,10.23737733,31.04280161,31.04280161,,
2,1,generic,music,45,0,D,1,-5.8894797,5.8894797,-38.44279071,38.44279071,,
2,1,generic,music,65,73.125,E,2,-14.50902679,14.50902679,17.86576655,17.86576655,,
2,1,generic,music,-35,39.375,B,1,16.32403369,16.32403369,-25.97684292,25.97684292,,
2,1,generic,music,0,-16.875,C,1,-3.898586819,3.898586819,-27.27785645,27.27785645,,
2,1,generic,music,45,0,D,2,-5.134957451,5.134957451,-35.04415613,35.04415613,,
2,1,generic,music,-80,-22.5,A,1,5.368211428,5.368211428,-26.31675742,26.31675742,,
2,1,generic,music,45,0,D,3,-13.67316795,13.67316795,-49.00194903,49.00194903,,
2,1,generic,music,-80,-22.5,A,2,-4.811921709,4.811921709,-27.33353788,27.33353788,,
2,1,generic,music,-35,39.375,B,2,6.865152989,6.865152989,-22.91132535,22.91132535,,
2,1,generic,music,-80,-22.5,A,3,-9.394232594,9.394232594,-101.8560503,101.8560503,,
2,1,generic,music,-35,39.375,B,3,-3.139972026,3.139972026,-11.56836461,11.56836461,,
2,1,generic,music,0,-16.875,C,2,-2.035487636,2.035487636,-33.15985885,33.15985885,,
2,1,generic,music,-35,39.375,B,4,7.011281432,7.011281432,-19.58208308,19.58208308,,
2,1,generic,music,65,73.125,E,3,-10.65429445,10.65429445,8.445423131,8.445423131,,
2,1,generic,music,-80,-22.5,A,4,-1.995853131,1.995853131,-80.66743551,80.66743551,,
2,1,generic,music,0,-16.875,C,3,-2.513448976,2.513448976,-49.04895899,49.04895899,,
2,1,generic,music,0,-16.875,C,4,-3.631105511,3.631105511,-22.15496146,22.15496146,,
2,1,generic,music,45,0,D,4,-12.59220158,12.59220158,-65.67112112,65.67112112,,
2,1,generic,music,65,73.125,E,4,11.52904091,11.52904091,42.82668598,42.82668598,,
2,1,generic,speech,65,73.125,E,1,-2.826136677,2.826136677,4.843609515,4.843609515,,
2,1,generic,speech,0,-16.875,C,1,-8.068420084,8.068420084,-69.1568917,69.1568917,,
2,1,generic,speech,45,0,D,1,-1.475571685,1.475571685,-79.07580556,79.07580556,,
2,1,generic,speech,-35,39.375,B,1,1.915785788,1.915785788,-47.30850946,47.30850946,,
2,1,generic,speech,45,0,D,2,-9.645968126,9.645968126,-87.62692808,87.62692808,,
2,1,generic,speech,45,0,D,3,-8.889086265,8.889086265,-86.94452211,86.94452211,,
2,1,generic,speech,-80,-22.5,A,1,-18.05519979,18.05519979,-83.8413551,83.8413551,,
2,1,generic,speech,-80,-22.5,A,2,-20.55575318,20.55575318,-88.76196069,88.76196069,,
2,1,generic,speech,0,-16.875,C,2,-11.43854138,11.43854138,-61.44645534,61.44645534,,
2,1,generic,speech,65,73.125,E,2,-2.572008033,2.572008033,16.63990589,16.63990589,,
2,1,generic,speech,65,73.125,E,3,6.218623916,6.218623916,18.38007348,18.38007348,,
2,1,generic,speech,65,73.125,E,4,4.896846416,4.896846416,20.78452395,20.78452395,,
2,1,generic,speech,0,-16.875,C,3,-1.708164347,1.708164347,-50.47249579,50.47249579,,
2,1,generic,speech,-80,-22.5,A,3,-10.08372755,10.08372755,-93.0578328,93.0578328,,
2,1,generic,speech,0,-16.875,C,4,-3.077733966,3.077733966,-38.93679942,38.93679942,,
2,1,generic,speech,-35,39.375,B,2,2.705043121,2.705043121,-46.33055882,46.33055882,,
2,1,generic,speech,-35,39.375,B,3,5.255278247,5.255278247,-43.42740502,43.42740502,,
2,1,generic,speech,-35,39.375,B,4,4.434251696,4.434251696,-47.15277865,47.15277865,,
2,1,generic,speech,45,0,D,4,-15.08145258,15.08145258,-63.31458977,63.31458977,,
2,1,generic,speech,-80,-22.5,A,4,-44.5743476,44.5743476,-68.17438789,68.17438789,,
3,1,est,music,-80,-22.5,A,1,-18.2086111,18.2086111,-105.8032551,105.8032551,,
3,1,est,music,45,0,D,1,7.798973328,7.798973328,-22.48403871,22.48403871,,
3,1,est,music,65,73.125,E,1,21.24079998,21.24079998,10.00795466,10.00795466,,
3,1,est,music,0,-16.875,C,1,-7.072403219,7.072403219,-13.41816028,13.41816028,,
3,1,est,music,45,0,D,2,14.58208277,14.58208277,-30.51634016,30.51634016,,
3,1,est,music,-35,39.375,B,1,-16.11554036,16.11554036,-7.103348914,7.103348914,,
3,1,est,music,0,-16.875,C,2,18.0049669,18.0049669,-41.15441524,41.15441524,,
3,1,est,music,-80,-22.5,A,2,-19.93218039,19.93218039,-73.40952311,73.40952311,,
3,1,est,music,-35,39.375,B,2,-36.88269402,36.88269402,9.121806608,9.121806608,,
3,1,est,music,65,73.125,E,2,36.58773567,36.58773567,32.15310327,32.15310327,,
3,1,est,music,-80,-22.5,A,3,-33.05729834,33.05729834,-91.61588287,91.61588287,,
3,1,est,music,0,-16.875,C,3,-14.36862967,14.36862967,-34.40949781,34.40949781,,
3,1,est,music,65,73.125,E,3,11.67389909,11.67389909,22.61219775,22.61219775,,
3,1,est,music,45,0,D,3,-1.511221557,1.511221557,0.005082602,0.005082602,,
3,1,est,music,-35,39.375,B,3,-34.806234,34.806234,8.29305131,8.29305131,,
3,1,est,music,45,0,D,4,20.74199387,20.74199387,4.406602817,4.406602817,,
3,1,est,music,-80,-22.5,A,4,-17.94229223,17.94229223,-81.92756166,81.92756166,,
3,1,est,music,0,-16.875,C,4,1.589883336,1.589883336,13.38445304,13.38445304,,
3,1,est,music,-35,39.375,B,4,-29.96854503,29.96854503,17.36614296,17.36614296,,
3,1,est,music,65,73.125,E,4,42.46088255,42.46088255,59.99952948,59.99952948,,
3,1,est,speech,45,0,D,1,-13.17318624,13.17318624,5.37879784,5.37879784,,
3,1,est,speech,0,-16.875,C,1,-13.98481287,13.98481287,-2.513796765,2.513796765,,
3,1,est,speech,65,73.125,E,1,-11.5201824,11.5201824,145.7500364,145.7500364,,
3,1,est,speech,0,-16.875,C,2,-0.90080057,0.90080057,26.61892858,26.61892858,,
3,1,est,speech,-35,39.375,B,1,-28.85790823,28.85790823,49.36560036,49.36560036,,
3,1,est,speech,-80,-22.5,A,1,-55.5281459,55.5281459,-71.81467054,71.81467054,,
3,1,est,speech,-80,-22.5,A,2,-34.88749342,34.88749342,-102.5884666,102.5884666,,
3,1,est,speech,0,-16.875,C,3,-23.60400994,23.60400994,5.971750517,5.971750517,,
3,1,est,speech,-35,39.375,B,2,-38.55330531,38.55330531,30.08598044,30.08598044,,
3,1,est,speech,45,0,D,2,-9.684982064,9.684982064,38.53914222,38.53914222,,
3,1,est,speech,-80,-22.5,A,3,-42.98760511,42.98760511,-81.46122069,81.46122069,,
3,1,est,speech,65,73.125,E,2,2.996848099,2.996848099,113.4347741,113.4347741,,
3,1,est,speech,-80,-22.5,A,4,-27.62134,27.62134,-88.40950954,88.40950954,,
3,1,est,speech,45,0,D,3,13.33733316,13.33733316,22.51140563,22.51140563,,
3,1,est,speech,-35,39.375,B,3,-28.85595903,28.85595903,43.49296709,43.49296709,,
3,1,est,speech,45,0,D,4,4.298601084,4.298601084,23.21054364,23.21054364,,
3,1,est,speech,0,-16.875,C,4,2.678441716,2.678441716,-6.476187019,6.476187019,,
3,1,est,speech,65,73.125,E,3,18.42320881,18.42320881,44.58889584,44.58889584,,
3,1,est,speech,65,73.125,E,4,28.60809407,28.60809407,23.01861146,23.01861146,,
3,1,est,speech,-35,39.375,B,4,-16.49047775,16.49047775,21.91260287,21.91260287,,
3,1,est,noise,-80,-22.5,A,1,-16.12179692,16.12179692,-93.54082961,93.54082961,,
3,1,est,noise,0,-16.875,C,1,19.6242771,19.6242771,-34.0014363,34.0014363,,
3,1,est,noise,-80,-22.5,A,2,-21.45294838,21.45294838,-106.3317817,106.3317817,,
3,1,est,noise,-35,39.375,B,1,-17.06037545,17.06037545,5.896315914,5.896315914,,
3,1,est,noise,-80,-22.5,A,3,-5.950952551,5.950952551,-96.93566243,96.93566243,,
3,1,est,noise,65,73.125,E,1,26.10982269,26.10982269,27.25447621,27.25447621,,
3,1,est,noise,-35,39.375,B,2,-32.1010903,32.1010903,39.08611546,39.08611546,,
3,1,est,noise,45,0,D,1,36.44835483,36.44835483,-13.83224155,13.83224155,,
3,1,est,noise,-35,39.375,B,3,-12.29416964,12.29416964,12.09276143,12.09276143,,
3,1,est,noise,65,73.125,E,2,21.34197964,21.34197964,42.43952329,42.43952329,,
3,1,est,noise,65,73.125,E,3,21.40195236,21.40195236,54.17628677,54.17628677,,
3,1,est,noise,65,73.125,E,4,12.79430993,12.79430993,66.68631271,66.68631271,,
3,1,est,noise,0,-16.875,C,2,6.912783054,6.912783054,-19.05143201,19.05143201,,
3,1,est,noise,-80,-22.5,A,4,-16.89412736,16.89412736,-71.91993001,71.91993001,,
3,1,est,noise,-35,39.375,B,4,-39.74237104,39.74237104,36.41625765,36.41625765,,
3,1,est,noise,0,-16.875,C,3,-28.69951427,28.69951427,-2.044084801,2.044084801,,
3,1,est,noise,0,-16.875,C,4,0.04443803,0.04443803,-9.623389731,9.623389731,,
3,1,est,noise,45,0,D,2,-5.668051435,5.668051435,-1.858234956,1.858234956,,
3,1,est,noise,45,0,D,3,-17.06814887,17.06814887,12.32624147,12.32624147,,
3,1,est,noise,45,0,D,4,7.38012764,7.38012764,15.66422678,15.66422678,,
3,2,generic,speech,65,73.125,E,1,19.87557832,19.87557832,58.79067251,58.79067251,,
3,2,generic,speech,-35,39.375,B,1,-27.42275092,27.42275092,13.82534422,13.82534422,,
3,2,generic,speech,0,-16.875,C,1,-1.04598415,1.04598415,21.27701584,21.27701584,,
3,2,generic,speech,65,73.125,E,2,28.43849002,28.43849002,91.09902318,91.09902318,,
3,2,generic,speech,-35,39.375,B,2,-7.215598437,7.215598437,-13.12988644,13.12988644,,
3,2,generic,speech,45,0,D,1,2.334991639,2.334991639,-43.71611366,43.71611366,,
3,2,generic,speech,65,73.125,E,3,10.8900346,10.8900346,66.90751255,66.90751255,,
3,2,generic,speech,0,-16.875,C,2,1.339631358,1.339631358,5.883310409,5.883310409,,
3,2,generic,speech,45,0,D,2,-8.535586362,8.535586362,-29.73559462,29.73559462,,
3,2,generic,speech,-35,39.375,B,3,-15.24163078,15.24163078,19.04333665,19.04333665,,
3,2,generic,speech,-80,-22.5,A,1,-1.127931249,1.127931249,-44.17772573,44.17772573,,
3,2,generic,speech,45,0,D,3,9.437600658,9.437600658,-14.5996954,14.5996954,,
3,2,generic,speech,45,0,D,4,9.832276347,9.832276347,-21.28009516,21.28009516,,
3,2,generic,speech,-80,-22.5,A,2,-0.377641698,0.377641698,-30.03522231,30.03522231,,
3,2,generic,speech,-80,-22.5,A,3,4.852134801,4.852134801,-105.7501286,105.7501286,,
3,2,generic,speech,-35,39.375,B,4,-19.09497199,19.09497199,24.26674383,24.26674383,,
3,2,generic,speech,-80,-22.5,A,4,0.738919686,0.738919686,-67.23476606,67.23476606,,
3,2,generic,speech,0,-16.875,C,3,-0.355800079,0.355800079,-8.2053464,8.2053464,,
3,2,generic,speech,0,-16.875,C,4,-4.098946055,4.098946055,-31.04455987,31.04455987,,
3,2,generic,speech,65,73.125,E,4,39.30922845,39.30922845,56.8675953,56.8675953,,
3,2,generic,noise,45,0,D,1,16.28869231,16.28869231,-34.3963919,34.3963919,,
3,2,generic,noise,45,0,D,2,23.33153021,23.33153021,-32.66523431,32.66523431,,
3,2,generic,noise,0,-16.875,C,1,-7.503097979,7.503097979,-8.980106045,8.980106045,,
3,2,generic,noise,-80,-22.5,A,1,-4.961171972,4.961171972,-48.70561198,48.70561198,,
3,2,generic,noise,0,-16.875,C,2,-6.141029958,6.141029958,-10.72434393,10.72434393,,
3,2,generic,noise,65,73.125,E,1,19.91288494,19.91288494,50.1560834,50.1560834,,
3,2,generic,noise,0,-16.875,C,3,-1.41493652,1.41493652,-8.107465884,8.107465884,,
3,2,generic,noise,-35,39.375,B,1,-35.91918967,35.91918967,31.46648947,31.46648947,,
3,2,generic,noise,65,73.125,E,2,23.32415456,23.32415456,30.31244919,30.31244919,,
3,2,generic,noise,-80,-22.5,A,2,-0.744843759,0.744843759,-53.2544,53.2544,,
3,2,generic,noise,0,-16.875,C,4,-1.894506717,1.894506717,-7.029067668,7.029067668,,
3,2,generic,noise,-80,-22.5,A,3,-15.61134543,15.61134543,-45.12189977,45.12189977,,
3,2,generic,noise,45,0,D,3,32.43408191,32.43408191,-8.269069572,8.269069572,,
3,2,generic,noise,65,73.125,E,3,18.49716416,18.49716416,48.44232683,48.44232683,,
3,2,generic,noise,-35,39.375,B,2,-14.63195765,14.63195765,11.5273275,11.5273275,,
3,2,generic,noise,-35,39.375,B,3,-14.04561511,14.04561511,20.57146889,20.57146889,,
3,2,generic,noise,65,73.125,E,4,20.560849,20.560849,41.66013112,41.66013112,,
3,2,generic,noise,-35,39.375,B,4,-30.44613017,30.44613017,6.841618744,6.841618744,,
3,2,generic,noise,45,0,D,4,28.20130343,28.20130343,-9.419897245,9.419897245,,
3,2,generic,noise,-80,-22.5,A,4,-4.49865319,4.49865319,-50.68205918,50.68205918,,
3,2,generic,music,65,73.125,E,1,-19.24346456,19.24346456,89.28224346,89.28224346,,
3,2,generic,music,-80,-22.5,A,1,-7.50142012,7.50142012,-105.0667634,105.0667634,,
3,2,generic,music,0,-16.875,C,1,21.65432741,21.65432741,-18.4325366,18.4325366,,
3,2,generic,music,65,73.125,E,2,-17.26904796,17.26904796,-2.21934812,2.21934812,,
3,2,generic,music,-80,-22.5,A,2,-7.590452945,7.590452945,-88.58541286,88.58541286,,
3,2,generic,music,-80,-22.5,A,3,-12.71828828,12.71828828,-61.54852496,61.54852496,,
3,2,generic,music,65,73.125,E,3,-12.50392023,12.50392023,53.95911857,53.95911857,,
3,2,generic,music,-80,-22.5,A,4,-8.187971667,8.187971667,-62.38405854,62.38405854,,
3,2,generic,music,45,0,D,1,-6.653121029,6.653121029,-49.6240325,49.6240325,,
3,2,generic,music,0,-16.875,C,2,20.28867981,20.28867981,-25.8335275,25.8335275,,
3,2,generic,music,-35,39.375,B,1,30.78722831,30.78722831,-3.516075146,3.516075146,,
3,2,generic,music,45,0,D,2,-4.783198831,4.783198831,-75.16970247,75.16970247,,
3,2,generic,music,0,-16.875,C,3,5.790983614,5.790983614,-25.83335728,25.83335728,,
3,2,generic,music,45,0,D,3,10.6907573,10.6907573,-19.68336268,19.68336268,,
3,2,generic,music,65,73.125,E,4,6.642967851,6.642967851,19.24495509,19.24495509,,
3,2,generic,music,-35,39.375,B,2,-4.00077544,4.00077544,5.904852541,5.904852541,,
3,2,generic,music,-35,39.375,B,3,-21.05313188,21.05313188,-0.845853058,0.845853058,,
3,2,generic,music,-35,39.375,B,4,-14.5054137,14.5054137,3.1916649,3.1916649,,
3,2,generic,music,45,0,D,4,-18.98066382,18.98066382,-71.42948447,71.42948447,,
3,2,generic,music,0,-16.875,C,4,-3.024492689,3.024492689,-42.83840154,42.83840154,,
4,2,est,music,65,73.125,E,1,-22.40422325,22.40422325,97.08058892,97.08058892,,
4,2,est,music,45,0,D,1,-1.412947827,1.412947827,1.991596195,1.991596195,,
4,2,est,music,45,0,D,2,3.446333501,3.446333501,4.333910085,4.333910085,,
4,2,est,music,-80,-22.5,A,1,-13.79737807,13.79737807,4.282054423,4.282054423,,
4,2,est,music,65,73.125,E,2,-16.87711403,16.87711403,1.06083178,1.06083178,,
4,2,est,music,65,73.125,E,3,-8.873861883,8.873861883,54.58408919,54.58408919,,
4,2,est,music,-80,-22.5,A,2,4.241199213,4.241199213,9.730365896,9.730365896,,
4,2,est,music,-35,39.375,B,1,-3.984859399,3.984859399,29.24903414,29.24903414,,
4,2,est,music,-35,39.375,B,2,-10.48759206,10.48759206,40.34681781,40.34681781,,
4,2,est,music,0,-16.875,C,1,-3.275157238,3.275157238,-5.840838004,5.840838004,,
4,2,est,music,-35,39.375,B,3,-5.595452409,5.595452409,36.75371973,36.75371973,,
4,2,est,music,65,73.125,E,4,-17.57644553,17.57644553,110.7962894,110.7962894,,
4,2,est,music,0,-16.875,C,2,2.239347535,2.239347535,-17.99919226,17.99919226,,
4,2,est,music,-80,-22.5,A,3,0.865017639,0.865017639,46.95782498,46.95782498,,
4,2,est,music,-80,-22.5,A,4,-7.469785583,7.469785583,4.443649838,4.443649838,,
4,2,est,music,0,-16.875,C,3,-26.62444622,26.62444622,-27.56295848,27.56295848,,
4,2,est,music,0,-16.875,C,4,-15.73586736,15.73586736,-21.61659767,21.61659767,,
4,2,est,music,45,0,D,3,8.339144754,8.339144754,1.179420034,1.179420034,,
4,2,est,music,45,0,D,4,-3.54364098,3.54364098,-18.36719842,18.36719842,,
4,2,est,music,-35,39.375,B,4,10.39823231,10.39823231,39.57669019,39.57669019,,
4,2,est,speech,-35,39.375,B,1,-0.802954413,0.802954413,37.46600525,37.46600525,,
4,2,est,speech,0,-16.875,C,1,3.602400728,3.602400728,-35.86095879,35.86095879,,
4,2,est,speech,65,73.125,E,1,-19.73337312,19.73337312,5.525098625,5.525098625,,
4,2,est,speech,45,0,D,1,3.796099065,3.796099065,-35.32327487,35.32327487,,
4,2,est,speech,-35,39.375,B,2,15.83999894,15.83999894,18.84580175,18.84580175,,
4,2,est,speech,65,73.125,E,2,4.404578319,4.404578319,82.2169351,82.2169351,,
4,2,est,speech,-80,-22.5,A,1,3.986619261,3.986619261,-23.54662173,23.54662173,,
4,2,est,speech,65,73.125,E,3,-10.85132068,10.85132068,83.04818632,83.04818632,,
4,2,est,speech,-80,-22.5,A,2,-0.470953586,0.470953586,-4.638117674,4.638117674,,
4,2,est,speech,45,0,D,2,-10.62718182,10.62718182,-22.49090309,22.49090309,,
4,2,est,speech,0,-16.875,C,2,-0.27554135,0.27554135,-27.13621123,27.13621123,,
4,2,est,speech,-35,39.375,B,3,7.775622928,7.775622928,4.428967895,4.428967895,,
4,2,est,speech,-80,-22.5,A,3,-19.18518027,19.18518027,-13.45518713,13.45518713,,
4,2,est,speech,45,0,D,3,7.046428199,7.046428199,-21.29439327,21.29439327,,
4,2,est,speech,65,73.125,E,4,-1.328816074,1.328816074,75.45042093,75.45042093,,
4,2,est,speech,0,-16.875,C,3,2.959180815,2.959180815,-15.40957975,15.40957975,,
4,2,est,speech,45,0,D,4,18.46332062,18.46332062,-10.51804402,10.51804402,,
4,2,est,speech,0,-16.875,C,4,2.484116481,2.484116481,-6.71225889,6.71225889,,
4,2,est,speech,-35,39.375,B,4,-1.129600262,1.129600262,26.75834568,26.75834568,,
4,2,est,speech,-80,-22.5,A,4,-13.99676768,13.99676768,13.79645208,13.79645208,,
4,2,est,noise,-35,39.375,B,1,31.68573717,31.68573717,-36.843059,36.843059,,
4,2,est,noise,45,0,D,1,-43.40026071,43.40026071,37.48225349,37.48225349,,
4,2,est,noise,0,-16.875,C,1,4.98647342,4.98647342,-4.834234328,4.834234328,,
4,2,est,noise,65,73.125,E,1,-5.529354217,5.529354217,81.42557402,81.42557402,,
4,2,est,noise,-35,39.375,B,2,39.79052326,39.79052326,-6.365817233,6.365817233,,
4,2,est,noise,65,73.125,E,2,5.154245977,5.154245977,78.44931981,78.44931981,,
4,2,est,noise,0,-16.875,C,2,8.544511503,8.544511503,5.531234567,5.531234567,,
4,2,est,noise,-80,-22.5,A,1,-3.094183787,3.094183787,47.20543471,47.20543471,,
4,2,est,noise,-35,39.375,B,3,2.213285241,2.213285241,12.24541738,12.24541738,,
4,2,est,noise,-80,-22.5,A,2,-15.27629265,15.27629265,-2.109434563,2.109434563,,
4,2,est,noise,45,0,D,2,-19.4308744,19.4308744,-24.88837758,24.88837758,,
4,2,est,noise,-35,39.375,B,4,16.01568008,16.01568008,-0.263063348,0.263063348,,
4,2,est,noise,65,73.125,E,3,-7.974181338,7.974181338,78.1729414,78.1729414,,
4,2,est,noise,65,73.125,E,4,-10.15802126,10.15802126,86.90313597,86.90313597,,
4,2,est,noise,-80,-22.5,A,3,-7.012966739,7.012966739,-9.732191391,9.732191391,,
4,2,est,noise,0,-16.875,C,3,-1.68560619,1.68560619,-28.37499377,28.37499377,,
4,2,est,noise,45,0,D,3,-43.23426019,43.23426019,26.25531729,26.25531729,,
4,2,est,noise,45,0,D,4,-9.407672717,9.407672717,-26.0128551,26.0128551,,
4,2,est,noise,0,-16.875,C,4,48.10400264,48.10400264,40.18196146,40.18196146,,
4,2,est,noise,-80,-22.5,A,4,-7.689812127,7.689812127,-18.56692428,18.56692428,,
4,1,generic,noise,65,73.125,E,1,-11.86309558,11.86309558,125.5105342,125.5105342,,
4,1,generic,noise,-35,39.375,B,1,42.76956252,42.76956252,52.53102085,52.53102085,,
4,1,generic,noise,0,-16.875,C,1,5.050806145,5.050806145,-1.495913047,1.495913047,,
4,1,generic,noise,65,73.125,E,2,-6.654606728,6.654606728,122.2596116,122.2596116,,
4,1,generic,noise,-35,39.375,B,2,35.41959886,35.41959886,-29.59049154,29.59049154,,
4,1,generic,noise,45,0,D,1,-28.35682706,28.35682706,-39.06892443,39.06892443,,
4,1,generic,noise,65,73.125,E,3,-6.005170836,6.005170836,77.10922572,77.10922572,,
4,1,generic,noise,0,-16.875,C,2,2.431946938,2.431946938,0.770789731,0.770789731,,
4,1,generic,noise,45,0,D,2,-1.906566064,1.906566064,26.4569557,26.4569557,,
4,1,generic,noise,-35,39.375,B,3,17.95272809,17.95272809,25.6559033,25.6559033,,
4,1,generic,noise,-80,-22.5,A,1,-2.908033232,2.908033232,50.46969578,50.46969578,,
4,1,generic,noise,45,0,D,3,-20.92401868,20.92401868,53.85921703,53.85921703,,
4,1,generic,noise,45,0,D,4,-30.07109351,30.07109351,-34.76245966,34.76245966,,
4,1,generic,noise,-80,-22.5,A,2,5.633649906,5.633649906,-34.03474844,34.03474844,,
4,1,generic,noise,-80,-22.5,A,3,-2.600685993,2.600685993,-31.28706985,31.28706985,,
4,1,generic,noise,-35,39.375,B,4,9.823280028,9.823280028,31.18424872,31.18424872,,
4,1,generic,noise,-80,-22.5,A,4,-51.59257915,51.59257915,-20.79271343,20.79271343,,
4,1,generic,noise,0,-16.875,C,3,-39.84329617,39.84329617,-10.71195045,10.71195045,,
4,1,generic,noise,0,-16.875,C,4,2.435089262,2.435089262,21.33478049,21.33478049,,
4,1,generic,noise,65,73.125,E,4,-15.36816997,15.36816997,50.03316698,50.03316698,,
4,1,generic,speech,-80,-22.5,A,1,-28.81870011,28.81870011,-20.1724529,20.1724529,,
4,1,generic,speech,65,73.125,E,1,-21.82802185,21.82802185,57.80910277,57.80910277,,
4,1,generic,speech,45,0,D,1,-2.916993183,2.916993183,-16.39031493,16.39031493,,
4,1,generic,speech,-35,39.375,B,1,3.271806811,3.271806811,27.2788807,27.2788807,,
4,1,generic,speech,65,73.125,E,2,-3.32261948,3.32261948,87.87108394,87.87108394,,
4,1,generic,speech,-80,-22.5,A,2,-13.72743583,13.72743583,-16.69528731,16.69528731,,
4,1,generic,speech,-35,39.375,B,2,-22.74784559,22.74784559,40.63461006,40.63461006,,
4,1,generic,speech,0,-16.875,C,1,-2.153016605,2.153016605,-13.0935865,13.0935865,,
4,1,generic,speech,45,0,D,2,-10.11423304,10.11423304,-2.951663112,2.951663112,,
4,1,generic,speech,0,-16.875,C,2,3.53345085,3.53345085,-11.10760389,11.10760389,,
4,1,generic,speech,65,73.125,E,3,5.461638168,5.461638168,113.2973947,113.2973947,,
4,1,generic,speech,65,73.125,E,4,-4.290429705,4.290429705,109.6704236,109.6704236,,
4,1,generic,speech,0,-16.875,C,3,1.982789002,1.982789002,-0.511563654,0.511563654,,
4,1,generic,speech,45,0,D,3,-14.96397614,14.96397614,47.09768051,47.09768051,,
4,1,generic,speech,45,0,D,4,-25.44926756,25.44926756,50.97406786,50.97406786,,
4,1,generic,speech,-80,-22.5,A,3,-14.4570482,14.4570482,-16.61671433,16.61671433,,
4,1,generic,speech,0,-16.875,C,4,-0.03060178,0.03060178,10.81963249,10.81963249,,
4,1,generic,speech,-80,-22.5,A,4,-31.45027797,31.45027797,-33.2096087,33.2096087,,
4,1,generic,speech,-35,39.375,B,3,-11.59449032,11.59449032,29.70335418,29.70335418,,
4,1,generic,speech,-35,39.375,B,4,-15.39248089,15.39248089,35.79252744,35.79252744,,
4,1,generic,music,-35,39.375,B,1,18.06987541,18.06987541,38.64870253,38.64870253,,
4,1,generic,music,0,-16.875,C,1,-4.260037573,4.260037573,-7.112474929,7.112474929,,
4,1,generic,music,65,73.125,E,1,-9.275446068,9.275446068,110.625569,110.625569,,
4,1,generic,music,45,0,D,1,2.535553116,2.535553116,-6.406289293,6.406289293,,
4,1,generic,music,-35,39.375,B,2,26.22511571,26.22511571,23.46306348,23.46306348,,
4,1,generic,music,65,73.125,E,2,-4.118558489,4.118558489,106.832766,106.832766,,
4,1,generic,music,-80,-22.5,A,1,2.548431408,2.548431408,-44.97918245,44.97918245,,
4,1,generic,music,65,73.125,E,3,-15.25096255,15.25096255,86.2941934,86.2941934,,
4,1,generic,music,-80,-22.5,A,2,-8.576906646,8.576906646,-4.827411168,4.827411168,,
4,1,generic,music,45,0,D,2,-15.04250111,15.04250111,-26.5347386,26.5347386,,
4,1,generic,music,0,-16.875,C,2,3.793339367,3.793339367,-12.35260596,12.35260596,,
4,1,generic,music,-35,39.375,B,3,11.93267334,11.93267334,34.77412447,34.77412447,,
4,1,generic,music,-80,-22.5,A,3,-29.14225162,29.14225162,-14.42702703,14.42702703,,
4,1,generic,music,45,0,D,3,-14.16383689,14.16383689,4.012267733,4.012267733,,
4,1,generic,music,65,73.125,E,4,-4.295287608,4.295287608,94.75752813,94.75752813,,
4,1,generic,music,0,-16.875,C,3,9.734965475,9.734965475,11.64816476,11.64816476,,
4,1,generic,music,45,0,D,4,3.561696867,3.561696867,-0.657882122,0.657882122,,
4,1,generic,music,0,-16.875,C,4,12.53365001,12.53365001,10.06823839,10.06823839,,
4,1,generic,music,-35,39.375,B,4,5.733586138,5.733586138,34.27433548,34.27433548,,
4,1,generic,music,-80,-22.5,A,4,-14.98986604,14.98986604,-20.91393427,20.91393427,,
5,1,est,noise,0,-16.875,C,1,-20.16258095,20.16258095,-26.98125012,26.98125012,,
5,1,est,noise,45,0,D,1,-27.81171295,27.81171295,-3.454709852,3.454709852,,
5,1,est,noise,0,-16.875,C,2,1.420251455,1.420251455,-23.26209056,23.26209056,,
5,1,est,noise,-80,-22.5,A,1,-16.6480861,16.6480861,-32.97110388,32.97110388,,
5,1,est,noise,-35,39.375,B,1,14.71157286,14.71157286,-23.00568363,23.00568363,,
5,1,est,noise,-80,-22.5,A,2,-6.773278697,6.773278697,-24.60536557,24.60536557,,
5,1,est,noise,65,73.125,E,1,-14.75574896,14.75574896,31.53127297,31.53127297,,
5,1,est,noise,-35,39.375,B,2,-7.333693301,7.333693301,-6.193982489,6.193982489,,
5,1,est,noise,0,-16.875,C,3,-1.595197613,1.595197613,-29.47313149,29.47313149,,
5,1,est,noise,65,73.125,E,2,0.429784327,0.429784327,35.60141838,35.60141838,,
5,1,est,noise,65,73.125,E,3,-3.111250658,3.111250658,26.14621058,26.14621058,,
5,1,est,noise,-80,-22.5,A,3,-49.28960421,49.28960421,-14.17902344,14.17902344,,
5,1,est,noise,-35,39.375,B,3,-20.80037896,20.80037896,18.73712995,18.73712995,,
5,1,est,noise,-35,39.375,B,4,-11.82006674,11.82006674,9.626267617,9.626267617,,
5,1,est,noise,45,0,D,2,-35.67755617,35.67755617,-13.00448948,13.00448948,,
5,1,est,noise,0,-16.875,C,4,-7.271937459,7.271937459,-23.52900718,23.52900718,,
5,1,est,noise,45,0,D,3,-38.53053256,38.53053256,-54.13599028,54.13599028,,
5,1,est,noise,65,73.125,E,4,1.63769898,1.63769898,35.89267222,35.89267222,,
5,1,est,noise,45,0,D,4,8.86568507,8.86568507,-15.2750473,15.2750473,,
5,1,est,noise,-80,-22.5,A,4,-19.08032747,19.08032747,-50.25425921,50.25425921,,
5,1,est,speech,0,-16.875,C,1,-5.300040492,5.300040492,-14.47552086,14.47552086,,
5,1,est,speech,45,0,D,1,-40.11663454,40.11663454,59.47053626,59.47053626,,
5,1,est,speech,0,-16.875,C,2,4.037794452,4.037794452,-19.6171718,19.6171718,,
5,1,est,speech,-80,-22.5,A,1,-9.983871856,9.983871856,-5.28345762,5.28345762,,
5,1,est,speech,-35,39.375,B,1,28.14780969,28.14780969,42.83357771,42.83357771,,
5,1,est,speech,-80,-22.5,A,2,-13.81789673,13.81789673,-47.36751638,47.36751638,,
5,1,est,speech,65,73.125,E,1,-20.41929688,20.41929688,101.0609424,101.0609424,,
5,1,est,speech,-35,39.375,B,2,-10.65348296,10.65348296,25.28852224,25.28852224,,
5,1,est,speech,0,-16.875,C,3,-0.785429938,0.785429938,-25.76644992,25.76644992,,
5,1,est,speech,65,73.125,E,2,-17.71452227,17.71452227,84.27738394,84.27738394,,
5,1,est,speech,65,73.125,E,3,-21.31210332,21.31210332,79.61806324,79.61806324,,
5,1,est,speech,-80,-22.5,A,3,1.43068659,1.43068659,-21.50239031,21.50239031,,
5,1,est,speech,-35,39.375,B,3,11.29020653,11.29020653,24.86952694,24.86952694,,
5,1,est,speech,-35,39.375,B,4,-2.434563488,2.434563488,30.00340373,30.00340373,,
5,1,est,speech,45,0,D,2,-13.81457189,13.81457189,-15.82150639,15.82150639,,
5,1,est,speech,0,-16.875,C,4,2.532542955,2.532542955,-5.411748388,5.411748388,,
5,1,est,speech,45,0,D,3,26.99210128,26.99210128,1.892614753,1.892614753,,
5,1,est,speech,65,73.125,E,4,-8.156666592,8.156666592,26.70193397,26.70193397,,
5,1,est,speech,45,0,D,4,6.485019794,6.485019794,-12.51667678,12.51667678,,
5,1,est,speech,-80,-22.5,A,4,-11.9024464,11.9024464,-25.1700945,25.1700945,,
5,1,est,music,-35,39.375,B,1,-10.64227062,10.64227062,36.53464391,36.53464391,,
5,1,est,music,0,-16.875,C,1,-29.64997059,29.64997059,-18.94390487,18.94390487,,
5,1,est,music,-80,-22.5,A,1,-6.950573244,6.950573244,-13.64639371,13.64639371,,
5,1,est,music,45,0,D,1,-22.07630232,22.07630232,14.16162235,14.16162235,,
5,1,est,music,-35,39.375,B,2,-10.31182132,10.31182132,44.35915508,44.35915508,,
5,1,est,music,65,73.125,E,1,-17.28319304,17.28319304,161.789949,161.789949,,
5,1,est,music,0,-16.875,C,2,-11.95408557,11.95408557,-15.70847384,15.70847384,,
5,1,est,music,0,-16.875,C,3,-6.087384179,6.087384179,-16.5931386,16.5931386,,
5,1,est,music,45,0,D,2,8.583254061,8.583254061,-1.350013878,1.350013878,,
5,1,est,music,65,73.125,E,2,2.116003311,2.116003311,77.85219215,77.85219215,,
5,1,est,music,65,73.125,E,3,-14.19546219,14.19546219,70.4522074,70.4522074,,
5,1,est,music,-80,-22.5,A,2,-2.722627613,2.722627613,1.015327584,1.015327584,,
5,1,est,music,-35,39.375,B,3,-18.25056907,18.25056907,30.37629837,30.37629837,,
5,1,est,music,45,0,D,3,1.846572004,1.846572004,-10.96543071,10.96543071,,
5,1,est,music,65,73.125,E,4,-0.474535925,0.474535925,47.63606866,47.63606866,,
5,1,est,music,-80,-22.5,A,3,1.752550418,1.752550418,-5.664411354,5.664411354,,
5,1,est,music,45,0,D,4,19.12112525,19.12112525,7.821950347,7.821950347,,
5,1,est,music,-80,-22.5,A,4,-15.57385026,15.57385026,-13.50284859,13.50284859,,
5,1,est,music,-35,39.375,B,4,-0.884510967,0.884510967,32.01544353,32.01544353,,
5,1,est,music,0,-16.875,C,4,-12.60496216,12.60496216,-48.66948316,48.66948316,,
5,2,generic,noise,65,73.125,E,1,-10.00578051,10.00578051,-4.970266858,4.970266858,,
5,2,generic,noise,45,0,D,1,-3.752049808,3.752049808,0.27974579,0.27974579,,
5,2,generic,noise,-35,39.375,B,1,29.88543903,29.88543903,-17.21096984,17.21096984,,
5,2,generic,noise,65,73.125,E,2,-9.611116017,9.611116017,6.133610956,6.133610956,,
5,2,generic,noise,0,-16.875,C,1,7.806454474,7.806454474,-14.90961332,14.90961332,,
5,2,generic,noise,45,0,D,2,-42.14780209,42.14780209,21.00184752,21.00184752,,
5,2,generic,noise,-35,39.375,B,2,21.78125413,21.78125413,28.18929362,28.18929362,,
5,2,generic,noise,0,-16.875,C,2,10.71430804,10.71430804,-19.13624954,19.13624954,,
5,2,generic,noise,-80,-22.5,A,1,-18.91136174,18.91136174,-34.80947048,34.80947048,,
5,2,generic,noise,-80,-22.5,A,2,-6.366443983,6.366443983,-79.08025307,79.08025307,,
5,2,generic,noise,-80,-22.5,A,3,-9.588222025,9.588222025,-41.65692953,41.65692953,,
5,2,generic,noise,-35,39.375,B,3,8.011983758,8.011983758,22.58704159,22.58704159,,
5,2,generic,noise,-80,-22.5,A,4,-21.62386391,21.62386391,-39.58665338,39.58665338,,
5,2,generic,noise,45,0,D,3,-25.5109731,25.5109731,-31.82321357,31.82321357,,
5,2,generic,noise,45,0,D,4,-34.81706258,34.81706258,-63.83535337,63.83535337,,
5,2,generic,noise,-35,39.375,B,4,5.267039664,5.267039664,-3.752535925,3.752535925,,
5,2,generic,noise,65,73.125,E,3,-8.327354275,8.327354275,45.01161802,45.01161802,,
5,2,generic,noise,65,73.125,E,4,-9.698724956,9.698724956,25.83582536,25.83582536,,
5,2,generic,noise,0,-16.875,C,3,-1.09999811,1.09999811,-16.92735698,16.92735698,,
5,2,generic,noise,0,-16.875,C,4,0.637537174,0.637537174,-14.82758444,14.82758444,,
5,2,generic,speech,65,73.125,E,1,-22.1430095,22.1430095,-10.69843977,10.69843977,,
5,2,generic,speech,65,73.125,E,2,-16.76289607,16.76289607,40.87573254,40.87573254,,
5,2,generic,speech,-35,39.375,B,1,29.80019441,29.80019441,38.7043669,38.7043669,,
5,2,generic,speech,45,0,D,1,-8.751660519,8.751660519,2.964842031,2.964842031,,
5,2,generic,speech,0,-16.875,C,1,-0.248827526,0.248827526,-17.92819213,17.92819213,,
5,2,generic,speech,65,73.125,E,3,-20.87335656,20.87335656,44.98306756,44.98306756,,
5,2,generic,speech,0,-16.875,C,2,30.84240495,30.84240495,-29.89646321,29.89646321,,
5,2,generic,speech,-80,-22.5,A,1,1.504281805,1.504281805,-17.64303861,17.64303861,,
5,2,generic,speech,45,0,D,2,-37.75954759,37.75954759,7.436154764,7.436154764,,
5,2,generic,speech,45,0,D,3,-17.9716624,17.9716624,-0.821163566,0.821163566,,
5,2,generic,speech,45,0,D,4,7.563684058,7.563684058,0.146590298,0.146590298,,
5,2,generic,speech,65,73.125,E,4,-9.820556263,9.820556263,26.97299582,26.97299582,,
5,2,generic,speech,-35,39.375,B,2,21.79301276,21.79301276,19.93670938,19.93670938,,
5,2,generic,speech,0,-16.875,C,3,-23.29493426,23.29493426,-3.439096949,3.439096949,,
5,2,generic,speech,0,-16.875,C,4,53.27997478,53.27997478,-5.070973884,5.070973884,,
5,2,generic,speech,-80,-22.5,A,2,-3.803185417,3.803185417,-51.08485903,51.08485903,,
5,2,generic,speech,-80,-22.5,A,3,1.885221559,1.885221559,12.85016566,12.85016566,,
5,2,generic,speech,-80,-22.5,A,4,-0.534894991,0.534894991,-0.224684496,0.224684496,,
5,2,generic,speech,-35,39.375,B,3,34.29254993,34.29254993,-46.74956135,46.74956135,,
5,2,generic,speech,-35,39.375,B,4,38.58730382,38.58730382,5.906940467,5.906940467,,
5,2,generic,music,-80,-22.5,A,1,5.431780383,5.431780383,53.16002463,53.16002463,,
5,2,generic,music,-80,-22.5,A,2,-3.167853129,3.167853129,-16.33271064,16.33271064,,
5,2,generic,music,0,-16.875,C,1,-6.552078333,6.552078333,-17.85069624,17.85069624,,
5,2,generic,music,-80,-22.5,A,3,-1.271266868,1.271266868,-67.28147342,67.28147342,,
5,2,generic,music,65,73.125,E,1,-21.27423819,21.27423819,44.00335516,44.00335516,,
5,2,generic,music,45,0,D,1,7.931713776,7.931713776,-0.644105287,0.644105287,,
5,2,generic,music,45,0,D,2,2.877779043,2.877779043,4.55463264,4.55463264,,
5,2,generic,music,65,73.125,E,2,-10.34016596,10.34016596,81.82061378,81.82061378,,
5,2,generic,music,-35,39.375,B,1,45.73842782,45.73842782,26.59777561,26.59777561,,
5,2,generic,music,45,0,D,3,-2.166413445,2.166413445,8.112890484,8.112890484,,
5,2,generic,music,45,0,D,4,-5.109532528,5.109532528,-2.161743733,2.161743733,,
5,2,generic,music,0,-16.875,C,2,-5.770873847,5.770873847,-18.33930291,18.33930291,,
5,2,generic,music,65,73.125,E,3,-13.07795235,13.07795235,55.12805555,55.12805555,,
5,2,generic,music,65,73.125,E,4,-20.59010251,20.59010251,18.01730149,18.01730149,,
5,2,generic,music,0,-16.875,C,3,21.60013513,21.60013513,-11.68906665,11.68906665,,
5,2,generic,music,-35,39.375,B,2,42.92828328,42.92828328,4.235068546,4.235068546,,
5,2,generic,music,-80,-22.5,A,4,-13.5210378,13.5210378,-110.7008941,110.7008941,,
5,2,generic,music,0,-16.875,C,4,-4.119114751,4.119114751,-17.48239017,17.48239017,,
5,2,generic,music,-35,39.375,B,3,8.411232703,8.411232703,2.290092353,2.290092353,,
5,2,generic,music,-35,39.375,B,4,18.78832882,18.78832882,-4.76708963,4.76708963,,
6,2,est,noise,0,-16.875,C,1,-1.193084744,1.193084744,-8.662652963,8.662652963,,
6,2,est,noise,65,73.125,E,1,0.385322305,0.385322305,88.55673794,88.55673794,,
6,2,est,noise,45,0,D,1,-10.92061711,10.92061711,-16.95342411,16.95342411,,
6,2,est,noise,-35,39.375,B,1,40.81894475,40.81894475,9.130688387,9.130688387,,
6,2,est,noise,65,73.125,E,2,-0.445459543,0.445459543,104.1573995,104.1573995,,
6,2,est,noise,0,-16.875,C,2,3.595473159,3.595473159,-13.00073562,13.00073562,,
6,2,est,noise,65,73.125,E,3,1.120663925,1.120663925,95.77191417,95.77191417,,
6,2,est,noise,0,-16.875,C,3,10.66257066,10.66257066,-8.942468981,8.942468981,,
6,2,est,noise,-35,39.375,B,2,18.0048137,18.0048137,62.09132343,62.09132343,,
6,2,est,noise,45,0,D,2,-14.69067434,14.69067434,7.272198668,7.272198668,,
6,2,est,noise,0,-16.875,C,4,2.964879947,2.964879947,-0.72737382,0.72737382,,
6,2,est,noise,-35,39.375,B,3,42.82514856,42.82514856,17.63995605,17.63995605,,
6,2,est,noise,45,0,D,3,-23.57979213,23.57979213,-21.51242639,21.51242639,,
6,2,est,noise,-80,-22.5,A,1,-11.538558,11.538558,-59.3931188,59.3931188,,
6,2,est,noise,45,0,D,4,-6.007288835,6.007288835,-11.04026677,11.04026677,,
6,2,est,noise,65,73.125,E,4,-15.05366427,15.05366427,13.50218871,13.50218871,,
6,2,est,noise,-80,-22.5,A,2,-9.258255829,9.258255829,-59.69945868,59.69945868,,
6,2,est,noise,-80,-22.5,A,3,-19.92982671,19.92982671,-31.5110552,31.5110552,,
6,2,est,noise,-80,-22.5,A,4,-28.91622344,28.91622344,-34.23768265,34.23768265,,
6,2,est,noise,-35,39.375,B,4,23.03982615,23.03982615,-48.72399966,48.72399966,,
6,2,est,music,0,-16.875,C,1,0.968994661,0.968994661,-6.133720203,6.133720203,,
6,2,est,music,65,73.125,E,1,-7.906453915,7.906453915,62.2843589,62.2843589,,
6,2,est,music,-35,39.375,B,1,9.794120167,9.794120167,35.03028114,35.03028114,,
6,2,est,music,45,0,D,1,-11.43114082,11.43114082,-10.08812445,10.08812445,,
6,2,est,music,-80,-22.5,A,1,-24.54293416,24.54293416,-23.29027687,23.29027687,,
6,2,est,music,45,0,D,2,-3.928829805,3.928829805,-17.1875075,17.1875075,,
6,2,est,music,-35,39.375,B,2,1.515449942,1.515449942,38.54707495,38.54707495,,
6,2,est,music,-35,39.375,B,3,8.904961123,8.904961123,16.09889737,16.09889737,,
6,2,est,music,0,-16.875,C,2,-18.56220746,18.56220746,-6.914073602,6.914073602,,
6,2,est,music,-35,39.375,B,4,6.240655437,6.240655437,26.28280712,26.28280712,,
6,2,est,music,-80,-22.5,A,2,-22.02530114,22.02530114,-19.81952147,19.81952147,,
6,2,est,music,0,-16.875,C,3,-10.97696859,10.97696859,-6.112196667,6.112196667,,
6,2,est,music,65,73.125,E,2,-2.354682598,2.354682598,109.4916124,109.4916124,,
6,2,est,music,-80,-22.5,A,3,-11.46861321,11.46861321,-44.23854831,44.23854831,,
6,2,est,music,45,0,D,3,-2.171740198,2.171740198,15.81544851,15.81544851,,
6,2,est,music,0,-16.875,C,4,2.263040353,2.263040353,-9.428630263,9.428630263,,
6,2,est,music,65,73.125,E,3,-5.454073984,5.454073984,75.39516685,75.39516685,,
6,2,est,music,-80,-22.5,A,4,-18.9166952,18.9166952,-29.07984507,29.07984507,,
6,2,est,music,45,0,D,4,-1.574806438,1.574806438,11.87050875,11.87050875,,
6,2,est,music,65,73.125,E,4,-9.226675374,9.226675374,77.6697679,77.6697679,,
6,2,est,speech,45,0,D,1,-4.076327259,4.076327259,21.61044423,21.61044423,,
6,2,est,speech,0,-16.875,C,1,0.309477037,0.309477037,-12.65193933,12.65193933,,
6,2,est,speech,65,73.125,E,1,0.973982849,0.973982849,94.20800792,94.20800792,,
6,2,est,speech,0,-16.875,C,2,-0.393648554,0.393648554,-11.19237704,11.19237704,,
6,2,est,speech,-35,39.375,B,1,26.24885758,26.24885758,55.69847462,55.69847462,,
6,2,est,speech,-80,-22.5,A,1,-4.46444799,4.46444799,-3.059265769,3.059265769,,
6,2,est,speech,-80,-22.5,A,2,-25.03921009,25.03921009,-10.06972526,10.06972526,,
6,2,est,speech,0,-16.875,C,3,-6.693668234,6.693668234,-7.813348429,7.813348429,,
6,2,est,speech,-35,39.375,B,2,-13.48381815,13.48381815,37.72261737,37.72261737,,
6,2,est,speech,45,0,D,2,-36.76160747,36.76160747,-0.578980943,0.578980943,,
6,2,est,speech,-80,-22.5,A,3,-18.29508152,18.29508152,-35.54893093,35.54893093,,
6,2,est,speech,65,73.125,E,2,5.006955119,5.006955119,121.8517654,121.8517654,,
6,2,est,speech,-80,-22.5,A,4,-13.95642734,13.95642734,-39.51695073,39.51695073,,
6,2,est,speech,45,0,D,3,4.806362255,4.806362255,3.702171414,3.702171414,,
6,2,est,speech,-35,39.375,B,3,-3.546230607,3.546230607,30.32642116,30.32642116,,
6,2,est,speech,45,0,D,4,9.692699913,9.692699913,5.116468438,5.116468438,,
6,2,est,speech,0,-16.875,C,4,3.824103524,3.824103524,-10.25436064,10.25436064,,
6,2,est,speech,65,73.125,E,3,-6.675079122,6.675079122,119.4165584,119.4165584,,
6,2,est,speech,65,73.125,E,4,-13.08386611,13.08386611,146.2253739,146.2253739,,
6,2,est,speech,-35,39.375,B,4,19.75324622,19.75324622,16.36562126,16.36562126,,
6,1,generic,noise,0,-16.875,C,1,2.485772051,2.485772051,-7.394022539,7.394022539,,
6,1,generic,noise,65,73.125,E,1,-10.48645102,10.48645102,113.398326,113.398326,,
6,1,generic,noise,-35,39.375,B,1,15.67107256,15.67107256,64.81943237,64.81943237,,
6,1,generic,noise,45,0,D,1,0.58749618,0.58749618,6.332806379,6.332806379,,
6,1,generic,noise,-80,-22.5,A,1,5.246410305,5.246410305,-18.59811006,18.59811006,,
6,1,generic,noise,45,0,D,2,-36.99039846,36.99039846,83.55728414,83.55728414,,
6,1,generic,noise,-35,39.375,B,2,41.52535239,41.52535239,115.7390185,115.7390185,,
6,1,generic,noise,-35,39.375,B,3,37.89980705,37.89980705,89.02040237,89.02040237,,
6,1,generic,noise,0,-16.875,C,2,8.25122682,8.25122682,0.367616934,0.367616934,,
6,1,generic,noise,-35,39.375,B,4,19.57755245,19.57755245,48.5633805,48.5633805,,
6,1,generic,noise,-80,-22.5,A,2,-0.560961357,0.560961357,8.126330689,8.126330689,,
6,1,generic,noise,0,-16.875,C,3,-0.082588628,0.082588628,-12.50326124,12.50326124,,
6,1,generic,noise,65,73.125,E,2,-11.59227029,11.59227029,86.50147982,86.50147982,,
6,1,generic,noise,-80,-22.5,A,3,-3.039534694,3.039534694,-106.3624383,106.3624383,,
6,1,generic,noise,45,0,D,3,-0.13768683,0.13768683,-21.73839341,21.73839341,,
6,1,generic,noise,0,-16.875,C,4,1.706429658,1.706429658,-0.046025765,0.046025765,,
6,1,generic,noise,65,73.125,E,3,-16.26978095,16.26978095,51.84433379,51.84433379,,
6,1,generic,noise,-80,-22.5,A,4,0.768489705,0.768489705,46.94654425,46.94654425,,
6,1,generic,noise,45,0,D,4,-19.46838252,19.46838252,-16.58497208,16.58497208,,
6,1,generic,noise,65,73.125,E,4,-4.922820423,4.922820423,160.0516269,160.0516269,,
6,1,generic,speech,65,73.125,E,1,4.833800863,4.833800863,114.6599493,114.6599493,,
6,1,generic,speech,45,0,D,1,-40.77796885,40.77796885,-40.1764134,40.1764134,,
6,1,generic,speech,-35,39.375,B,1,44.94153586,44.94153586,106.5858288,106.5858288,,
6,1,generic,speech,65,73.125,E,2,-10.01047414,10.01047414,149.3629453,149.3629453,,
6,1,generic,speech,0,-16.875,C,1,-28.86473417,28.86473417,-11.72200666,11.72200666,,
6,1,generic,speech,45,0,D,2,-24.56288671,24.56288671,59.75087737,59.75087737,,
6,1,generic,speech,-35,39.375,B,2,47.00331508,47.00331508,64.06420987,64.06420987,,
6,1,generic,speech,0,-16.875,C,2,2.306183123,2.306183123,-5.931048243,5.931048243,,
6,1,generic,speech,-80,-22.5,A,1,0.229130801,0.229130801,40.87599249,40.87599249,,
6,1,generic,speech,-80,-22.5,A,2,-5.843035752,5.843035752,-7.829687864,7.829687864,,
6,1,generic,speech,-80,-22.5,A,3,1.541052321,1.541052321,-2.229060597,2.229060597,,
6,1,generic,speech,-35,39.375,B,3,50.5555338,50.5555338,58.7583166,58.7583166,,
6,1,generic,speech,-80,-22.5,A,4,4.803233231,4.803233231,59.92142908,59.92142908,,
6,1,generic,speech,45,0,D,3,-28.53904829,28.53904829,76.92410933,76.92410933,,
6,1,generic,speech,45,0,D,4,-30.00536511,30.00536511,56.73262164,56.73262164,,
6,1,generic,speech,-35,39.375,B,4,41.62181236,41.62181236,116.6892819,116.6892819,,
6,1,generic,speech,65,73.125,E,3,-16.58077961,16.58077961,13.58272824,13.58272824,,
6,1,generic,speech,65,73.125,E,4,-7.236930909,7.236930909,48.86022135,48.86022135,,
6,1,generic,speech,0,-16.875,C,3,15.07401388,15.07401388,-6.113352992,6.113352992,,
6,1,generic,speech,0,-16.875,C,4,1.253329091,1.253329091,-12.85564169,12.85564169,,
6,1,generic,music,-80,-22.5,A,1,-11.15686006,11.15686006,-4.216312679,4.216312679,,
6,1,generic,music,-80,-22.5,A,2,3.563001058,3.563001058,9.298692862,9.298692862,,
6,1,generic,music,65,73.125,E,1,-11.98355949,11.98355949,122.8808287,122.8808287,,
6,1,generic,music,0,-16.875,C,1,13.89042851,13.89042851,-19.28619351,19.28619351,,
6,1,generic,music,0,-16.875,C,2,-2.440005129,2.440005129,-7.300816608,7.300816608,,
6,1,generic,music,0,-16.875,C,3,6.180999015,6.180999015,-4.161413711,4.161413711,,
6,1,generic,music,45,0,D,1,-39.71917431,39.71917431,-78.78885946,78.78885946,,
6,1,generic,music,-35,39.375,B,1,38.3508957,38.3508957,46.64037188,46.64037188,,
6,1,generic,music,45,0,D,2,-29.71034392,29.71034392,17.2079822,17.2079822,,
6,1,generic,music,65,73.125,E,2,-17.97308801,17.97308801,3.703308367,3.703308367,,
6,1,generic,music,65,73.125,E,3,-14.2374296,14.2374296,-2.457665801,2.457665801,,
6,1,generic,music,-80,-22.5,A,3,2.123941911,2.123941911,-75.19555815,75.19555815,,
6,1,generic,music,-35,39.375,B,2,32.19584834,32.19584834,22.07805712,22.07805712,,
6,1,generic,music,-80,-22.5,A,4,6.611862592,6.611862592,-106.1548022,106.1548022,,
6,1,generic,music,45,0,D,3,-18.24420083,18.24420083,-21.88873224,21.88873224,,
6,1,generic,music,65,73.125,E,4,-19.26921564,19.26921564,155.7110963,155.7110963,,
6,1,generic,music,45,0,D,4,-17.22990608,17.22990608,-1.192256148,1.192256148,,
6,1,generic,music,-35,39.375,B,3,43.78555843,43.78555843,-37.42815642,37.42815642,,
6,1,generic,music,-35,39.375,B,4,17.08801232,17.08801232,53.08448369,53.08448369,,
6,1,generic,music,0,-16.875,C,4,6.522566642,6.522566642,-11.81782362,11.81782362,,
7,1,est,music,0,-16.875,C,1,-14.67070425,14.67070425,64.67046595,64.67046595,,
7,1,est,music,45,0,D,1,-31.24324537,31.24324537,24.70765969,24.70765969,,
7,1,est,music,65,73.125,E,1,-4.32642357,4.32642357,-1.176017757,1.176017757,,
7,1,est,music,-35,39.375,B,1,6.397921623,6.397921623,114.3632762,114.3632762,,
7,1,est,music,45,0,D,2,-19.37472701,19.37472701,-32.25333624,32.25333624,,
7,1,est,music,-80,-22.5,A,1,-3.017757925,3.017757925,8.307276565,8.307276565,,
7,1,est,music,0,-16.875,C,2,-4.976323852,4.976323852,-106.5058887,106.5058887,,
7,1,est,music,-35,39.375,B,2,19.92577871,19.92577871,113.7498463,113.7498463,,
7,1,est,music,-35,39.375,B,3,46.27785226,46.27785226,31.06155359,31.06155359,,
7,1,est,music,-80,-22.5,A,2,-33.64831899,33.64831899,-2.8841094,2.8841094,,
7,1,est,music,65,73.125,E,2,-9.662489549,9.662489549,-3.709719504,3.709719504,,
7,1,est,music,0,-16.875,C,3,1.997117904,1.997117904,-88.29929017,88.29929017,,
7,1,est,music,45,0,D,3,-16.73392562,16.73392562,-44.91309533,44.91309533,,
7,1,est,music,65,73.125,E,3,-1.867811509,1.867811509,-0.650573747,0.650573747,,
7,1,est,music,-80,-22.5,A,3,-15.44701102,15.44701102,58.44067273,58.44067273,,
7,1,est,music,65,73.125,E,4,1.598708743,1.598708743,33.98569891,33.98569891,,
7,1,est,music,45,0,D,4,-9.333150034,9.333150034,-75.43864112,75.43864112,,
7,1,est,music,-35,39.375,B,4,47.56928656,47.56928656,80.61286851,80.61286851,,
7,1,est,music,-80,-22.5,A,4,-18.15564518,18.15564518,-5.044184584,5.044184584,,
7,1,est,music,0,-16.875,C,4,5.011571763,5.011571763,-0.731688635,0.731688635,,
7,1,est,speech,65,73.125,E,1,-14.75698039,14.75698039,15.45861614,15.45861614,,
7,1,est,speech,65,73.125,E,2,11.68814009,11.68814009,57.4758241,57.4758241,,
7,1,est,speech,-35,39.375,B,1,26.9343847,26.9343847,51.60354793,51.60354793,,
7,1,est,speech,-35,39.375,B,2,38.26741183,38.26741183,-11.63735111,11.63735111,,
7,1,est,speech,-35,39.375,B,3,21.5747304,21.5747304,34.94306204,34.94306204,,
7,1,est,speech,45,0,D,1,-17.0189896,17.0189896,12.35578436,12.35578436,,
7,1,est,speech,0,-16.875,C,1,-20.96093325,20.96093325,-7.697528541,7.697528541,,
7,1,est,speech,45,0,D,2,-13.72937409,13.72937409,-54.14382687,54.14382687,,
7,1,est,speech,65,73.125,E,3,5.747208223,5.747208223,97.18293958,97.18293958,,
7,1,est,speech,45,0,D,3,10.59715762,10.59715762,-8.643660455,8.643660455,,
7,1,est,speech,-35,39.375,B,4,27.12138774,27.12138774,81.54846902,81.54846902,,
7,1,est,speech,-80,-22.5,A,1,-28.49669293,28.49669293,-14.41558368,14.41558368,,
7,1,est,speech,-80,-22.5,A,2,-6.037621106,6.037621106,1.044005488,1.044005488,,
7,1,est,speech,-80,-22.5,A,3,-31.74822759,31.74822759,-8.721738436,8.721738436,,
7,1,est,speech,0,-16.875,C,2,-5.211561657,5.211561657,-101.4549304,101.4549304,,
7,1,est,speech,0,-16.875,C,3,-8.816378039,8.816378039,-85.84425903,85.84425903,,
7,1,est,speech,-80,-22.5,A,4,-31.97368736,31.97368736,-5.007478246,5.007478246,,
7,1,est,speech,0,-16.875,C,4,-22.99678282,22.99678282,-79.90958148,79.90958148,,
7,1,est,speech,45,0,D,4,-27.79290922,27.79290922,8.276206276,8.276206276,,
7,1,est,speech,65,73.125,E,4,9.37122421,9.37122421,78.79812477,78.79812477,,
7,1,est,noise,65,73.125,E,1,8.716538429,8.716538429,10.51347165,10.51347165,,
7,1,est,noise,45,0,D,1,-23.86202131,23.86202131,67.33194451,67.33194451,,
7,1,est,noise,45,0,D,2,-10.4941836,10.4941836,-25.84261805,25.84261805,,
7,1,est,noise,-80,-22.5,A,1,-9.795627875,9.795627875,-22.02520091,22.02520091,,
7,1,est,noise,65,73.125,E,2,6.085436413,6.085436413,80.28025273,80.28025273,,
7,1,est,noise,65,73.125,E,3,24.79340618,24.79340618,65.88045722,65.88045722,,
7,1,est,noise,-80,-22.5,A,2,-9.180995889,9.180995889,-23.73634608,23.73634608,,
7,1,est,noise,-35,39.375,B,1,-39.11914668,39.11914668,-26.02104342,26.02104342,,
7,1,est,noise,-35,39.375,B,2,-12.0619615,12.0619615,28.10408138,28.10408138,,
7,1,est,noise,0,-16.875,C,1,-30.82096504,30.82096504,39.41074762,39.41074762,,
7,1,est,noise,-35,39.375,B,3,25.24422029,25.24422029,42.92507221,42.92507221,,
7,1,est,noise,65,73.125,E,4,12.52769984,12.52769984,82.8277359,82.8277359,,
7,1,est,noise,0,-16.875,C,2,-5.643156139,5.643156139,-46.88157995,46.88157995,,
7,1,est,noise,-80,-22.5,A,3,-25.90043955,25.90043955,-92.81630961,92.81630961,,
7,1,est,noise,-80,-22.5,A,4,-18.49477354,18.49477354,-69.24961948,69.24961948,,
7,1,est,noise,0,-16.875,C,3,-5.901349396,5.901349396,-71.5786944,71.5786944,,
7,1,est,noise,0,-16.875,C,4,-5.806043727,5.806043727,-91.25549179,91.25549179,,
7,1,est,noise,45,0,D,3,-27.70678933,27.70678933,-19.20105787,19.20105787,,
7,1,est,noise,45,0,D,4,-19.17708369,19.17708369,10.63459154,10.63459154,,
7,1,est,noise,-35,39.375,B,4,42.49586382,42.49586382,-44.70211607,44.70211607,,
7,2,generic,noise,65,73.125,E,1,5.930625729,5.930625729,61.45842342,61.45842342,,
7,2,generic,noise,0,-16.875,C,1,-3.636740711,3.636740711,-105.536788,105.536788,,
7,2,generic,noise,-35,39.375,B,1,18.22892236,18.22892236,49.86533844,49.86533844,,
7,2,generic,noise,0,-16.875,C,2,0.253868887,0.253868887,-104.8094164,104.8094164,,
7,2,generic,noise,65,73.125,E,2,13.73176215,13.73176215,75.83303409,75.83303409,,
7,2,generic,noise,-35,39.375,B,2,-14.49992448,14.49992448,45.7133014,45.7133014,,
7,2,generic,noise,-35,39.375,B,3,31.17136263,31.17136263,-40.5236586,40.5236586,,
7,2,generic,noise,-80,-22.5,A,1,2.237983754,2.237983754,-28.82040261,28.82040261,,
7,2,generic,noise,45,0,D,1,16.52905858,16.52905858,23.12125625,23.12125625,,
7,2,generic,noise,45,0,D,2,0.607849968,0.607849968,-33.59395342,33.59395342,,
7,2,generic,noise,65,73.125,E,3,41.51409195,41.51409195,23.50347866,23.50347866,,
7,2,generic,noise,45,0,D,3,-1.492693609,1.492693609,-65.47655341,65.47655341,,
7,2,generic,noise,-80,-22.5,A,2,-5.943756388,5.943756388,4.056135494,4.056135494,,
7,2,generic,noise,-80,-22.5,A,3,-6.574002303,6.574002303,-27.07840197,27.07840197,,
7,2,generic,noise,0,-16.875,C,3,-9.286237914,9.286237914,65.02139221,65.02139221,,
7,2,generic,noise,-80,-22.5,A,4,-1.310472227,1.310472227,-14.95522952,14.95522952,,
7,2,generic,noise,-35,39.375,B,4,8.376123543,8.376123543,9.452558927,9.452558927,,
7,2,generic,noise,0,-16.875,C,4,-17.26075646,17.26075646,-66.21164254,66.21164254,,
7,2,generic,noise,45,0,D,4,-21.69172684,21.69172684,-18.19985196,18.19985196,,
7,2,generic,noise,65,73.125,E,4,-14.76939708,14.76939708,53.09530223,53.09530223,,
7,2,generic,music,45,0,D,1,-23.92286153,23.92286153,23.47579637,23.47579637,,
7,2,generic,music,-35,39.375,B,1,18.95854224,18.95854224,76.89032105,76.89032105,,
7,2,generic,music,-80,-22.5,A,1,-4.929971202,4.929971202,-95.46246041,95.46246041,,
7,2,generic,music,45,0,D,2,-38.13193771,38.13193771,-62.80743091,62.80743091,,
7,2,generic,music,-80,-22.5,A,2,-4.030967193,4.030967193,-103.6745179,103.6745179,,
7,2,generic,music,0,-16.875,C,1,-3.832913278,3.832913278,61.90760169,61.90760169,,
7,2,generic,music,-35,39.375,B,2,27.53997111,27.53997111,45.02117062,45.02117062,,
7,2,generic,music,-80,-22.5,A,3,3.819982917,3.819982917,5.158159144,5.158159144,,
7,2,generic,music,-35,39.375,B,3,42.4596479,42.4596479,84.21215362,84.21215362,,
7,2,generic,music,-35,39.375,B,4,31.05874605,31.05874605,75.17321761,75.17321761,,
7,2,generic,music,65,73.125,E,1,-1.312146221,1.312146221,51.20440603,51.20440603,,
7,2,generic,music,45,0,D,3,-1.349572142,1.349572142,49.42909947,49.42909947,,
7,2,generic,music,0,-16.875,C,2,12.10839009,12.10839009,68.49830494,68.49830494,,
7,2,generic,music,45,0,D,4,-30.33719122,30.33719122,-42.16893319,42.16893319,,
7,2,generic,music,65,73.125,E,2,-5.467899012,5.467899012,12.48618557,12.48618557,,
7,2,generic,music,-80,-22.5,A,4,1.620917669,1.620917669,57.11107067,57.11107067,,
7,2,generic,music,0,-16.875,C,3,-5.422204888,5.422204888,-94.70827956,94.70827956,,
7,2,generic,music,0,-16.875,C,4,4.726255129,4.726255129,40.12789293,40.12789293,,
7,2,generic,music,65,73.125,E,3,-10.05316872,10.05316872,4.039730181,4.039730181,,
7,2,generic,music,65,73.125,E,4,6.009663621,6.009663621,65.56753465,65.56753465,,
7,2,generic,speech,0,-16.875,C,1,-53.11493041,53.11493041,29.3774702,29.3774702,,
7,2,generic,speech,65,73.125,E,1,-11.49503711,11.49503711,-0.417881833,0.417881833,,
7,2,generic,speech,-80,-22.5,A,1,-7.378614154,7.378614154,-11.244524,11.244524,,
7,2,generic,speech,45,0,D,1,21.25190925,21.25190925,-30.9459234,30.9459234,,
7,2,generic,speech,-35,39.375,B,1,29.21478381,29.21478381,11.58852556,11.58852556,,
7,2,generic,speech,65,73.125,E,2,8.239956192,8.239956192,31.8179535,31.8179535,,
7,2,generic,speech,0,-16.875,C,2,1.847100788,1.847100788,19.66273955,19.66273955,,
7,2,generic,speech,0,-16.875,C,3,10.41771819,10.41771819,26.39843758,26.39843758,,
7,2,generic,speech,0,-16.875,C,4,-17.76109533,17.76109533,10.22926835,10.22926835,,
7,2,generic,speech,-35,39.375,B,2,10.47775567,10.47775567,22.96153686,22.96153686,,
7,2,generic,speech,-80,-22.5,A,2,-17.99741918,17.99741918,-103.4551918,103.4551918,,
7,2,generic,speech,65,73.125,E,3,3.927351906,3.927351906,15.05611122,15.05611122,,
7,2,generic,speech,45,0,D,2,12.66081156,12.66081156,10.58051182,10.58051182,,
7,2,generic,speech,-80,-22.5,A,3,-3.244444402,3.244444402,-39.89709704,39.89709704,,
7,2,generic,speech,65,73.125,E,4,-15.6327098,15.6327098,110.9018073,110.9018073,,
7,2,generic,speech,45,0,D,3,11.24555133,11.24555133,37.14983712,37.14983712,,
7,2,generic,speech,-35,39.375,B,3,33.36257122,33.36257122,94.89819465,94.89819465,,
7,2,generic,speech,-80,-22.5,A,4,-21.72448262,21.72448262,-56.10979782,56.10979782,,
7,2,generic,speech,45,0,D,4,-24.70801062,24.70801062,11.82534303,11.82534303,,
7,2,generic,speech,-35,39.375,B,4,4.831847762,4.831847762,12.70319026,12.70319026,,
9,1,est,music,0,-16.875,C,1,0.897752101,0.897752101,-4.031564045,4.031564045,,
9,1,est,music,-80,-22.5,A,1,7.071806746,7.071806746,-81.27648592,81.27648592,,
9,1,est,music,-80,-22.5,A,2,-9.889275941,9.889275941,0.928075285,0.928075285,,
9,1,est,music,65,73.125,E,1,-11.89141369,11.89141369,121.4596458,121.4596458,,
9,1,est,music,-35,39.375,B,1,20.58711062,20.58711062,46.82243563,46.82243563,,
9,1,est,music,65,73.125,E,2,-12.98079233,12.98079233,132.6373283,132.6373283,,
9,1,est,music,65,73.125,E,3,-12.58502887,12.58502887,143.0841304,143.0841304,,
9,1,est,music,-80,-22.5,A,3,2.685817717,2.685817717,25.06286677,25.06286677,,
9,1,est,music,0,-16.875,C,2,-7.438607746,7.438607746,-5.582076231,5.582076231,,
9,1,est,music,-35,39.375,B,2,21.86001175,21.86001175,18.99620293,18.99620293,,
9,1,est,music,-35,39.375,B,3,2.393832478,2.393832478,56.72706927,56.72706927,,
9,1,est,music,-35,39.375,B,4,36.53012986,36.53012986,101.150226,101.150226,,
9,1,est,music,45,0,D,1,-17.70271672,17.70271672,31.23893851,31.23893851,,
9,1,est,music,0,-16.875,C,3,21.55982006,21.55982006,-9.461034085,9.461034085,,
9,1,est,music,45,0,D,3,-11.12419274,11.12419274,23.2281825,23.2281825,,
9,1,est,music,65,73.125,E,4,-14.44835596,14.44835596,60.2562944,60.2562944,,
9,1,est,music,-80,-22.5,A,4,0.397789002,0.397789002,46.79183433,46.79183433,,
9,1,est,music,45,0,D,3,-3.250257147,3.250257147,40.13096884,40.13096884,,
9,1,est,music,45,0,D,4,-14.14219259,14.14219259,71.886913,71.886913,,
9,1,est,music,0,-16.875,C,4,3.729681027,3.729681027,0.428997059,0.428997059,,
9,1,est,noise,65,73.125,E,1,-13.39269661,13.39269661,87.72104353,87.72104353,,
9,1,est,noise,0,-16.875,C,1,-6.88203852,6.88203852,-16.18755959,16.18755959,,
9,1,est,noise,-35,39.375,B,1,21.01850716,21.01850716,112.6872309,112.6872309,,
9,1,est,noise,0,-16.875,C,2,-2.470366957,2.470366957,-12.63032865,12.63032865,,
9,1,est,noise,65,73.125,E,2,-15.58974093,15.58974093,85.79975165,85.79975165,,
9,1,est,noise,-35,39.375,B,2,38.26779665,38.26779665,62.73865365,62.73865365,,
9,1,est,noise,-35,39.375,B,3,26.27918014,26.27918014,56.66757994,56.66757994,,
9,1,est,noise,-80,-22.5,A,1,3.296236191,3.296236191,6.579106232,6.579106232,,
9,1,est,noise,45,0,D,1,-11.71791184,11.71791184,19.06828255,19.06828255,,
9,1,est,noise,45,0,D,2,20.45209877,20.45209877,23.80562974,23.80562974,,
9,1,est,noise,65,73.125,E,3,-8.07873913,8.07873913,49.91668234,49.91668234,,
9,1,est,noise,45,0,D,3,1.111962722,1.111962722,47.90272696,47.90272696,,
9,1,est,noise,-80,-22.5,A,2,-1.639031691,1.639031691,61.93533111,61.93533111,,
9,1,est,noise,-80,-22.5,A,3,-13.48320477,13.48320477,4.762659603,4.762659603,,
9,1,est,noise,0,-16.875,C,3,-1.316590239,1.316590239,-11.50786041,11.50786041,,
9,1,est,noise,-80,-22.5,A,4,-9.031019872,9.031019872,14.73806665,14.73806665,,
9,1,est,noise,-35,39.375,B,4,21.725646,21.725646,71.96067794,71.96067794,,
9,1,est,noise,0,-16.875,C,4,-2.11440004,2.11440004,-11.33812926,11.33812926,,
9,1,est,noise,45,0,D,4,25.32423471,25.32423471,21.66432122,21.66432122,,
9,1,est,noise,65,73.125,E,4,-9.138280157,9.138280157,155.3463675,155.3463675,,
9,1,est,speech,-35,39.375,B,1,43.97886125,43.97886125,-1.84224377,1.84224377,,
9,1,est,speech,-35,39.375,B,2,45.71019557,45.71019557,94.40569924,94.40569924,,
9,1,est,speech,-35,39.375,B,3,10.44882338,10.44882338,44.31232328,44.31232328,,
9,1,est,speech,-35,39.375,B,4,-0.19567517,0.19567517,42.12031052,42.12031052,,
9,1,est,speech,45,0,D,1,5.915466709,5.915466709,7.950756405,7.950756405,,
9,1,est,speech,65,73.125,E,1,-18.80581742,18.80581742,121.9037731,121.9037731,,
9,1,est,speech,0,-16.875,C,1,-4.420377037,4.420377037,-20.15342686,20.15342686,,
9,1,est,speech,-80,-22.5,A,1,5.193463058,5.193463058,17.75874383,17.75874383,,
9,1,est,speech,-80,-22.5,A,2,-5.845117572,5.845117572,-94.78778651,94.78778651,,
9,1,est,speech,65,73.125,E,2,-8.532552562,8.532552562,118.2010105,118.2010105,,
9,1,est,speech,45,0,D,2,5.500549281,5.500549281,9.64058633,9.64058633,,
9,1,est,speech,45,0,D,3,-25.1971591,25.1971591,81.52988327,81.52988327,,
9,1,est,speech,45,0,D,4,-17.40518865,17.40518865,43.56625827,43.56625827,,
9,1,est,speech,0,-16.875,C,2,-8.490911572,8.490911572,-5.288399413,5.288399413,,
9,1,est,speech,-80,-22.5,A,3,4.577113601,4.577113601,-40.80002107,40.80002107,,
9,1,est,speech,65,73.125,E,3,-17.54933954,17.54933954,118.2619188,118.2619188,,
9,1,est,speech,0,-16.875,C,3,1.804122996,1.804122996,-15.42157097,15.42157097,,
9,1,est,speech,-80,-22.5,A,4,-0.318498466,0.318498466,-72.78372137,72.78372137,,
9,1,est,speech,65,73.125,E,4,-13.09535172,13.09535172,90.61529899,90.61529899,,
9,1,est,speech,0,-16.875,C,4,-9.940734545,9.940734545,-15.05869411,15.05869411,,
9,2,generic,music,0,-16.875,C,1,-2.656120049,2.656120049,0.949391349,0.949391349,,
9,2,generic,music,-35,39.375,B,1,37.657192,37.657192,-27.29135037,27.29135037,,
9,2,generic,music,-80,-22.5,A,1,-9.141703106,9.141703106,-38.77285412,38.77285412,,
9,2,generic,music,-80,-22.5,A,2,-8.144649067,8.144649067,-26.80921638,26.80921638,,
9,2,generic,music,65,73.125,E,1,-11.56103881,11.56103881,84.58196674,84.58196674,,
9,2,generic,music,-35,39.375,B,2,19.92723275,19.92723275,13.85363586,13.85363586,,
9,2,generic,music,0,-16.875,C,2,-7.382426668,7.382426668,-5.617966824,5.617966824,,
9,2,generic,music,-35,39.375,B,3,3.516862792,3.516862792,33.5135793,33.5135793,,
9,2,generic,music,0,-16.875,C,3,-2.413062364,2.413062364,-8.466687851,8.466687851,,
9,2,generic,music,45,0,D,1,0.392995215,0.392995215,-15.64352574,15.64352574,,
9,2,generic,music,65,73.125,E,2,-7.926998265,7.926998265,88.72377398,88.72377398,,
9,2,generic,music,65,73.125,E,3,-17.52780042,17.52780042,89.73928936,89.73928936,,
9,2,generic,music,0,-16.875,C,4,-7.3322276,7.3322276,-3.906692584,3.906692584,,
9,2,generic,music,45,0,D,2,18.26357914,18.26357914,-12.07085185,12.07085185,,
9,2,generic,music,-35,39.375,B,4,16.28055548,16.28055548,17.09802824,17.09802824,,
9,2,generic,music,-80,-22.5,A,3,-2.244700343,2.244700343,7.689924804,7.689924804,,
9,2,generic,music,45,0,D,3,-29.3008169,29.3008169,34.25349976,34.25349976,,
9,2,generic,music,65,73.125,E,4,-15.69762285,15.69762285,139.234016,139.234016,,
9,2,generic,music,-80,-22.5,A,4,-5.427580874,5.427580874,-3.493726833,3.493726833,,
9,2,generic,music,45,0,D,4,-13.19071515,13.19071515,-10.16055192,10.16055192,,
9,2,generic,speech,0,-16.875,C,1,-2.354055209,2.354055209,-16.68684313,16.68684313,,
9,2,generic,speech,-80,-22.5,A,1,8.728773214,8.728773214,-18.77146443,18.77146443,,
9,2,generic,speech,-80,-22.5,A,2,5.958134062,5.958134062,-0.062767996,0.062767996,,
9,2,generic,speech,65,73.125,E,1,-10.55372391,10.55372391,158.8031378,158.8031378,,
9,2,generic,speech,-35,39.375,B,1,-5.802845522,5.802845522,33.37504732,33.37504732,,
9,2,generic,speech,65,73.125,E,2,-12.744315,12.744315,127.5426299,127.5426299,,
9,2,generic,speech,65,73.125,E,3,-11.81191478,11.81191478,161.7514038,161.7514038,,
9,2,generic,speech,-80,-22.5,A,3,4.507663479,4.507663479,15.71108874,15.71108874,,
9,2,generic,speech,0,-16.875,C,2,-3.643597354,3.643597354,-9.772913222,9.772913222,,
9,2,generic,speech,-35,39.375,B,2,17.41888347,17.41888347,40.35067859,40.35067859,,
9,2,generic,speech,-35,39.375,B,3,13.4438346,13.4438346,25.81626903,25.81626903,,
9,2,generic,speech,-35,39.375,B,4,5.003037318,5.003037318,49.87332445,49.87332445,,
9,2,generic,speech,45,0,D,1,12.62488043,12.62488043,16.16181777,16.16181777,,
9,2,generic,speech,0,-16.875,C,3,-2.844850759,2.844850759,-7.560917859,7.560917859,,
9,2,generic,speech,45,0,D,2,1.899291124,1.899291124,3.835485071,3.835485071,,
9,2,generic,speech,65,73.125,E,4,-12.8352455,12.8352455,136.0064283,136.0064283,,
9,2,generic,speech,-80,-22.5,A,4,-3.707355948,3.707355948,-5.580001374,5.580001374,,
9,2,generic,speech,45,0,D,3,-8.083033614,8.083033614,9.995918907,9.995918907,,
9,2,generic,speech,45,0,D,4,13.18148867,13.18148867,20.62551762,20.62551762,,
9,2,generic,speech,0,-16.875,C,4,-10.10175474,10.10175474,-11.87037817,11.87037817,,
9,2,generic,noise,-80,-22.5,A,1,-3.219903867,3.219903867,-6.332116861,6.332116861,,
9,2,generic,noise,45,0,D,1,-15.69098315,15.69098315,2.710780642,2.710780642,,
9,2,generic,noise,-80,-22.5,A,2,7.136819081,7.136819081,23.02547891,23.02547891,,
9,2,generic,noise,-35,39.375,B,1,12.18172417,12.18172417,51.14472666,51.14472666,,
9,2,generic,noise,-80,-22.5,A,3,-7.88937641,7.88937641,5.164009339,5.164009339,,
9,2,generic,noise,65,73.125,E,1,6.484569174,6.484569174,103.886185,103.886185,,
9,2,generic,noise,65,73.125,E,2,-9.527594806,9.527594806,120.2361333,120.2361333,,
9,2,generic,noise,0,-16.875,C,1,-12.81854797,12.81854797,-10.02126994,10.02126994,,
9,2,generic,noise,45,0,D,2,-18.85177603,18.85177603,-55.66769192,55.66769192,,
9,2,generic,noise,65,73.125,E,3,-5.34290404,5.34290404,129.5740848,129.5740848,,
9,2,generic,noise,-35,39.375,B,2,-1.378634631,1.378634631,22.73032925,22.73032925,,
9,2,generic,noise,-35,39.375,B,3,11.33355332,11.33355332,42.91915861,42.91915861,,
9,2,generic,noise,45,0,D,3,15.99229087,15.99229087,6.527858706,6.527858706,,
9,2,generic,noise,0,-16.875,C,2,-0.137758827,0.137758827,-17.77077239,17.77077239,,
9,2,generic,noise,65,73.125,E,4,-11.53063889,11.53063889,148.5092972,148.5092972,,
9,2,generic,noise,-80,-22.5,A,4,-4.911585557,4.911585557,5.779625445,5.779625445,,
9,2,generic,noise,45,0,D,4,2.70845294,2.70845294,-6.134741215,6.134741215,,
9,2,generic,noise,-35,39.375,B,4,-10.3222502,10.3222502,38.02838288,38.02838288,,
9,2,generic,noise,0,-16.875,C,3,-0.570455239,0.570455239,-10.92980023,10.92980023,,
9,2,generic,noise,0,-16.875,C,4,-0.228041396,0.228041396,-10.78933344,10.78933344,,
